Codigo,Descricao,StatusConserto
2010,CAIXA FERRAMENTAS MECANICO ( FLN ) Nº 01
2010,COLOCADOR DE ROLAMENTO VOLVO
3,CAIXA FERRAMENTAS MECANICO ( FLN ) Nº 03
4,CAIXA FERRAMENTAS MECANICO ( FLN ) Nº 04
5,CAIXA FERRAMENTAS ELETRICISTA ( FLN ) Nº 05
6,CAIXA FERRAMENTAS ELETRICISTA ( FLN ) Nº 06
7,CAIXA FERRAMENTAS LATOEIRO ( FLN ) Nº 07
8,CAIXA FERRAMENTAS ELETRICISTA ( FLN ) Nº 08
9,CAIXA FERRAMENTAS LATOEIRO ( FLN ) Nº 09
10,CAIXA FERRAMENTAS MECANICO ( FLN ) Nº 10
11,CAIXA FERRAMENTAS MECANICO ( FLN ) Nº 11
12,CAIXA FERRAMENTAS LATOEIRO ( FLN ) Nº 12
13,CAIXA FERRAMENTAS MECANICO ( FLN ) Nº 13
14,CAIXA FERRAMENTAS ELETRICISTA ( FLN ) Nº 14
15,CAIXA FERRAMENTAS PINTOR ( FLN ) Nº 15
16,CAIXA FERRAMENTAS ELETRICISTA ( FLN ) Nº 16
17,CAIXA FERRAMENTAS ELETRICISTA ( FLN ) Nº 17
18,CAIXA FERRAMENTAS MECANICO ( FLN ) Nº 18
19,CAIXA FERRAMENTAS MECANICO ( FLN ) Nº 19
20,CAIXA FERRAMENTAS MECANICO ( FLN ) Nº 20
21,CAIXA FERRAMENTAS AUX LATOEIRO ( FLN ) Nº 21
22,CAIXA FERRAMENTAS SERVICO PREDIAL ( FLN ) Nº 22
23,CAIXA FERRAMENTAS MECANICO ( FLN ) Nº 23
24,CAIXA FERRAMENTAS AUX LATOEIRO ( FLN ) Nº 24
25,CAIXA FERRAMENTAS BORRACHEIRO ( FLN ) Nº 25
26,CAIXA FERRAMENTAS PINTOR ( FLN ) Nº 26
27,CAIXA FERRAMENTAS AUX LATOEIRO ( FLN ) Nº 27
28,CAIXA FERRAMENTAS PINTOR ( FLN ) Nº 28
29,CAIXA FERRAMENTAS LATOEIRO ( FLN ) Nº 29
30,CAIXA FERRAMENTAS MECANICO ( FLN ) Nº 30
31,CAIXA FERRAMENTAS LAVAÇÃO ( FLN ) Nº 31
32,CAIXA FERRAMENTAS PINTOR ( FLN ) Nº 32
33,CAIXA FERRAMENTAS LATOEIRO ( FLN ) Nº 33
34,CAIXA FERRAMENTAS PINTOR ( FLN ) Nº 34
35,CAIXA FERRAMENTAS LATOEIRO ( FLN ) Nº 35
36,CAIXA FERRAMENTAS LATOEIRO ( FLN ) Nº 36
37,CAIXA FERRAMENTAS AUX. LATOEIRO ( FLN ) Nº 37
38,CAIXA FERRAMENTAS MECANICO ( FLN ) Nº38
39,CAIXA FERRAMENTAS LATOEIRO ( FLN ) Nº 39
40,CAIXA FERRAMENTAS VISTORIA RECEPTIVA ( FLN ) Nº40
41,CAIXA FERRAMENTAS PINTOR ( FLN ) Nº 41
42,CAIXA FERRAMENTAS MECANICO ( FLN ) Nº42
43,CAIXA FERRAMENTAS MECANICO ( FLN ) Nº43
44,CAIXA FERRAMENTAS ELETRICISTA ( FLN ) Nº 44
45,CAIXA FERRAMENTAS ELETRICISTA ( FLN ) Nº45
46,CAIXA FERRAMENTAS LATOEIRO/PINTOR ( FLN ) Nº 46
47,CAIXA FERRAMENTAS MECANICO ( FLN ) Nº47
48,CAIXA FERRAMENTAS PINTOR ( FLN ) Nº48
49,CAIXA FERRAMENTAS MECANICO ( FLN ) Nº49
50,CAIXA FERRAMENTAS MECANICO ( FLN ) Nº 50
51,CAIXA FERRAMENTAS PINTOR ( FLN ) Nº51
52,CAIXA FERRAMENTAS ELETRICISTA ( FLN ) Nº52
53,CAIXA FERRAMENTAS MECANICO ( FLN ) Nº53
54,CAIXA FERRAMENTAS ELETRICISTA ( FLN ) Nº54
55,CAIXA FERRAMENTAS MECANICO ( FLN ) Nº 55
56,CAIXA FERRAMENTAS ( FLN ) Nº
57,CAIXA FERRAMENTAS ( FLN ) Nº
58,CAIXA FERRAMENTAS ( FLN ) Nº
59,CAIXA FERRAMENTAS ( FLN ) Nº
60,CAIXA FERRAMENTAS ( FLN ) Nº
61,CAIXA FERRAMENTAS ( FLN ) Nº 31
62,COMPLEMENTO CAIXA ( FLN ) Nº 31
63,CAIXA FERRAMENTAS ( FLN ) Nº
64,CAIXA FERRAMENTAS ( FLN ) Nº
65,CAIXA FERRAMENTAS ( FLN ) Nº
66,CAIXA FERRAMENTAS ( FLN ) Nº
67,CAIXA FERRAMENTAS ( FLN ) Nº
68,CAIXA FERRAMENTAS ( FLN ) Nº
69,CAIXA FERRAMENTAS ( FLN ) Nº
70,CAIXA FERRAMENTAS ( FLN ) Nº
71,CAIXA FERRAMENTAS ( FLN ) Nº
72,CAIXA FERRAMENTAS ( FLN ) Nº
73,CAIXA FERRAMENTAS ( FLN ) Nº
74,CAIXA FERRAMENTAS ( FLN ) Nº
75,CAIXA FERRAMENTAS ( FLN ) Nº
76,CAIXA FERRAMENTAS ( FLN ) Nº
77,CAIXA FERRAMENTAS ( FLN ) Nº
78,CAIXA FERRAMENTAS ( FLN ) Nº
79,CAIXA FERRAMENTAS ( FLN ) Nº
80,CAIXA FERRAMENTAS ( FLN ) Nº
81,CAIXA FERRAMENTAS ( FLN ) Nº
82,CAIXA FERRAMENTAS ( FLN ) Nº
83,CAIXA FERRAMENTAS ( FLN ) Nº
84,CAIXA FERRAMENTAS ( FLN ) Nº
99,CX APOIO RODOVIARIA DE POA
100,CX APOIO ALMOXARIFADO
101,CAIXA APOIO LATOARIA
189,CAIXA FERRAMENTAS LATOEIRO MODELO 01
190,CAIXA FERRAMENTAS ELETRECISTA MODELO 01
191,CAIXA FERRAMENTAS NOVA ( FLN ) Nº191
192,CAIXA FERRAMENTAS MECANICA MODELO 02
193,QUADRO DE FERRAMENTAS ( FLN AR CONDICIONADO )
194,QUADRO DE FERRAMENTAS ( FLN BORRACHARIA)
195,QUADRO DE FERRAMENTAS ( FLN ELETRICA)
196,QUADRO DE FERRAMENTAS ( FLN OFICINA )
197,QUADRO DE FERRAMENTAS ( FLN MOTOR 1 )
198,QUADRO DE FERRAMENTAS ( FLN MOTOR 2 )
199,QUADRO DE FERRAMENTAS ( FLN MOTOR 3 )
200,CAIXA FERRAMENTAS MECANICO ( CTB ) Nº 200
201,CAIXA FERRAMENTAS LAVAÇÃO ( CTB ) Nº 201
202,CAIXA FERRAMENTAS MECANICO ( CTB ) Nº 202
203,CAIXA FERRAMENTAS MANOBRISTA ( CTB ) Nº 203
204,CAIXA FERRAMENTAS ELETRICISTA ( CTB ) Nº 204
205,CAIXA FERRAMENTAS MECANICO ( CTB ) Nº 205
206,CAIXA FERRAMENTAS ELETRICISTA ( CTB ) Nº 206
207,CAIXA FERRAMENTAS ELETRICISTA ( CTB ) Nº 207
208,CAIXA FERRAMENTAS MECANICO ( CTB ) Nº208
209,CAIXA FERRAMENTAS MANOBRISTA ( CTB ) Nº 209
210,CAIXA FERRAMENTAS MANOBRISTA ( CTB ) Nº 210
211,CAIXA FERRAMENTAS MANOBRISTA ( CTB ) Nº 211
212,CAIXA FERRAMENTAS BORRACHEIRO ( CTB ) Nº 212
213,CAIXA FERRAMENTAS MECANICO ( CTB ) Nº 213
214,CAIXA FERRAMENTAS MECANICO ( CTB ) Nº214
215,CAIXA FERRAMENTAS MECANICO ( CTB ) Nº 215
216,CAIXA FERRAMENTAS MECANICO( CTB ) Nº 216
217,CAIXA FERRAMENTAS MECANICO ( CTB ) Nº 217
218,CAIXA FERRAMENTAS BORRACHEIRO ( CTB ) Nº 218
219,CAIXA FERRAMENTAS MANOBRISTA ( CTB ) Nº 219
220,CAIXA FERRAMENTAS ELETRICISTA ( CTB ) Nº 220
221,CAIXA FERRAMENTAS MECANICO ( CTB ) Nº 221
222,CAIXA FERRAMENTAS LATOEIRO ( CTB ) Nº222
223,CAIXA FERRAMENTAS LATOEIRO ( CTB ) Nº223
224,CAIXA FERRAMENTAS LATOEIRO( CTB ) Nº 224
225,CAIXA FERRAMENTAS ELETRICISTA ( CTB ) Nº225
226,CAIXA FERRAMENTAS SERVICO PREDIAL ( CTB ) Nº226
227,CAIXA FERRAMENTAS SERVIÇOS GERAIS( CTB ) Nº227
228,CAIXA FERRAMENTAS LATOEIRO ( CTB ) Nº228
229,CAIXA FERRAMENTAS MANOBRISTA ( CTB ) Nº 229
230,CAIXA FERRAMENTAS MECANICO ( CTB ) Nº230
231,CAIXA FERRAMENTAS MECANICO ( CTB ) Nº231
232,CAIXA FERRAMENTAS LATOEIRO ( CTB ) Nº232
233,CAIXA FERRAMENTAS ELETRICISTA ( CTB ) Nº 233
234,CAIXA FERRAMENTAS ELETRICISTA ( CTB ) Nº 234
235,CAIXA FERRAMENTAS MECANICO ( CTB ) Nº235
236,CAIXA FERRAMENTAS MECANICO ( CTB ) Nº236
237,CAIXA FERRAMENTAS ( CTB ) Nº
238,CAIXA FERRAMENTAS ( CTB ) Nº
239,CAIXA FERRAMENTAS ( CTB ) Nº
240,CAIXA FERRAMENTAS ( CTB ) Nº
241,CAIXA FERRAMENTAS ( CTB ) Nº
242,QUADRO DE FERRAMENTAS LATOARIA ( CTBA )
296,QUADRO DE FERRAMENTAS LATOARIA ( CTBA )
297,QUADRO DE FERRAMENTAS ( CTBA )
298,QUADRO DE FERRAMENTAS ( CTBA )
299,QUADRO DE FERRAMENTAS ( CTBA )
300,CAIXA FERRAMENTAS ( BNU ) Nº 300
301,CAIXA FERRAMENTAS ( BNU ) Nº 301
302,CAIXA FERRAMENTAS ELETRICISTA VAGA ( FLN ) Nº 302
303,CAIXA FERRAMENTAS ( BNU ) Mº 303
304,CAIXA FERRAMENTAS ( BNU ) Nº 304
305,CAIXA FERRAMENTAS MECANICO ( BNU ) Nº 305
306,CAIXA FERRAMENTAS MECANICO ( BNU ) Nº 306
307,CAIXA FERRAMENTAS ( BNU ) Nº 307
308,CAIXA FERRAMENTAS ( BNU ) Nº 308
309,CAIXA FERRAMENTAS MECANICO ( BNU ) Nº 309
310,CAIXA FERRAMENTAS ( BNU ) Nº 310
311,CAIXA FERRAMENTAS ( BNU ) Nº 311
312,CAIXA FERRAMENTAS ( BNU ) Nº 312
313,QUADRO DE FERRAMENTAS ( BNU LATOARIA)
314,CAIXA FERRAMENTAS ELETRICISTA( CTB ) Nº314
397,QUADRO FERRAMENTAS BLUMENAU
398,QUADRO DE FERRAMENTAS ( BNU PINTURA)
399,QUADRO DE FERRAMENTAS ( BNU ELETRICA)
400,CAIXA FERRAMENTAS ELETRICISTA ( FOZ ) Nº 400
401,CAIXA FERRAMENTAS MECANICO ( FOZ ) Nº 401
402,CAIXA FERRAMENTAS AUX MECANICO ( FOZ ) Nº402
403,CAIXA FERRAMENTAS MECANICO ( FOZ ) Nº 403
404,CAIXA FERRAMENTAS MECANICO ( FOZ ) Nº 404
405,CAIXA FERRAMENTAS LATOEIRO ( FOZ ) Nº 405
406,CAIXA FERRAMENTAS MECANICO (FOZ ) Nº406
407,CAIXA FERRAMENTAS MECANICO ( FOZ ) Nº 407
408,CAIXA FERRAMENTAS MECANICO ( FOZ ) Nº 408
409,CAIXA FERRAMENTAS MECANICO ( FOZ ) Nº 409
410,CAIXA FERRAMENTAS MECANICO ( FOZ ) Nº 410
497,QUADRO DE FERRAMENTAS ( FOZ OFICINA Nº 03 )
498,QUADRO DE FERRAMENTAS ( FOZ OFICINA Nº 02 )
499,QUADRO DE FERRAMENTAS ( FOZ OFICINA Nº 01 )
500,CAIXA FERRAMENTAS MECANICO ( JOI ) Nº 500
501,CAIXA FERRAMENTAS ( JOI ) Nº 501
502,CAIXA FERRAMENTAS MECANICO ( JOI ) Nº502
503,CAIXA FERRAMENTAS MECANICO ( FLN ) Nº 503
504,CAIXA FERRAMENTAS ( JOI ) Nº
505,CAIXA FERRAMENTAS ( JOI ) Nº
506,CAIXA FERRAMENTAS ( JOI ) Nº
507,CAIXA FERRAMENTAS ( JOI ) Nº
508,CAIXA FERRAMENTAS ( JOI ) Nº
509,CAIXA FERRAMENTAS ( JOI ) Nº
510,CAIXA FERRAMENTAS ( JOI ) Nº
511,QUADRO DE FERRAMENTAS JOINVILLE
600,CAIXA FERRAMENTAS MECANICO ( LGS ) Nº 600
601,CAIXA FERRAMENTAS MECANICO ( LGS ) Nº 601
602,CAIXA FERRAMENTAS MECANICO ( LGS ) Nº 602
603,CAIXA FERRAMENTAS ( LGS ) Nº 603
604,CAIXA FERRAMENTAS ( LGS ) Nº 604
605,CAIXA FERRAMENTAS ( LGS ) Nº 605
608,CAIXA FERRAMENTAS
700,CAIXA FERRAMENTAS NOVA ( ITJ ) Nº 700
701,CAIXA FERRAMENTAS NOVA ( ITJ ) Nº 701
702,CAIXA FERRAMENTAS NOVA ( ITJ ) Nº 702
703,CAIXA FERRAMENTAS ( ITJ ) Nº 703
704,CAIXA FERRAMENTAS NOVA ( ITJ ) Nº 704
800,CAIXA FERRAMENTAS ( RIS ) Nº 800
801,CAIXA FERRAMENTAS ( RIS ) Nº 801
802,CAIXA FERRAMENTAS ( RIS ) Nº 802
803,CAIXA FERRAMENTAS ( RIS ) Nº 803
998,PENDENCIAS DE FERRAMENTAS CTB
999,ITENS MANUTENÇÃO CONSERTO REGIONAL SUL
1000,SERRA CIRCULAR BOSCH GDC 151-
1001,RETIFICA ELETRICA BOSCH GGS 127L
1002,LIXADEIRA TREME-TREME ELETRICA 1
1003,SERRA TICO-TICO ELETRICA BOSCH 3000GPM
1004,LIXADEIRA ELETRICA GRANDE DEWALT 1
1005,"SERRA CIRCULAR MAQUINA GKS 7""1/4"
1006,LIXADEIRA ELETRICA GRANDE GWS-12 UNI-II
1007,FURADEIRA ELETRICA G COM APOIO
1008,FURADEIRA ELETRICA PEQUENA- UN I
1009,FURADEIRA ELETRICA GRANDE
1010,BOMBA VACUO DUPLO ESTAGIO 2
1011,CABO FLANGEADO DE ROSCA PAT. 9836
1012,PISTOLA DE SIKA PNEUMATICA GRANDE- UNI I
1013,PISTOLA DE SIKA PNEUMATICA GRANDE- UNI II
1014,GROSSA CHATA
1015,LIMA
1016,LIMA CHATA FINA
1017,LIMA MEIA REDONDA
1018,REBITADEIRA PNEUMATICA CHICAGO
1019,POLITRIZ ELETRICA GPO-14CE PROFISSIONAL- UN I
1020,POLITRIZ ELETRICA GPO-14CE PROFISSIONAL
1021,PISTOLA SIKA PNEUMATICA PEQUENA PUMA
1022,PISTOLA SIKA PNEUMATICA
1023,VENTOSA 1
1024,VENTOSA 2
1025,VENTOSA 3
1026,VENTOSA 4
1027,VENTOSA 5
1028,JOGO SERRA COPO
1029,"CHAVE GRINFO 24""- UN I"
1030,"CHAVE GRINFO 24""- UN II"
1031,POLITRIZ PNEUMATICA PUMA PAT. 7079
1032,"CHAVE GRINFO 36"""
1033,"CHAVE GRINFO 12"""
1034,MARRETA DE BORRACHA
1035,SARGENTO 29CM - 1
1036,SARGENTO 29CM- 2
1037,SARGENTO 66CM- 1
1038,SARGENTO 66CM- 2
1039,"SARGENTO 44,5CM- 1"
1040,"SARGENTO 44,5CM- 2"
1041,"SARGENTO 65,5CM"
1042,"SARGENTO 86,5CM"
1043,PISTOLA DE SILICONE QUENTE VONDER
1044,ESMERILHADEIRA ELETRICA BOSCH
1045,ESQUADRO GRANDE
1046,ESPATULA PARA COLOCAR PARA-BRISA 1
1047,ESPATULA PARA COLOCAR PARA-BRISA 2
1048,ESPATULA PARA COLOCAR PARA-BRISA 3
1049,ESPATULA PARA COLOCAR PARA-BRISA 4
1050,GANCHO PARA COLOCAR PARA-BRISA
1051,REBITADEIRA MANUAL POP
1052,"ALICATE BICO FECHAR ANEL TORTO 9"""
1053,"ALICATE BICO FECHAR ANEL RETO 9"""
1054,"ALICATE DE CORTAR CADEADO 18"""
1055,"ALICATE BICO ABRIR ANEL TORTO 9"""
1056,"ALICATE BICO ABRIR ANEL RETO 9"""
1057,BALANCA MANUAL
1058,"CHAVE INGLESA 15"" 1"
1059,"CHAVE INGLESA 15"" 2"
1060,"CHAVE INGLESA 18"""
1061,ARCO SERRA MANUAL 1
1062,ARCO SERRA MANUAL 2
1063,RELOGIO COMPARADOR
1064,"CHAVE FIXA 2"" X 1"" 13/16"
1065,"CHAVE FIXA 1""X3/4 X 1"" 5/8"
1066,CHAVE FIXA 38X41
1067,CHAVE FIXA 36X41
1068,CHAVE COMBINADA 30MM
1069,"CHAVE COMBINADA 1"" 1/4"
1070,KIT REGULAGEM VALVULA
1071,MANOMETRO VOLVO 1
1072,MANOMETRO VOLVO 2
1073,APARELHO TESTE DE BATERIA MANUAL 1
1074,SOPRADOR TERMICO VONDER III
1075,FERRO SOLDA ESTANHO CANETA
1076,JG CHAVE TORKS CATRACA WURTH (ZEBRADA)
1077,JG CHAVE TORKS CATRACA FEMEA
1078,GRAXIEIRA MANUAL THERMO KING 1
1079,GRAXIEIRA MANUAL THERMO KING 2
1080,GRAXIEIRA MANUAL THERMO KING 3
1081,ESTANQUEIDADE
1082,JG SOQUETE 10 A 32MM SEXTAVADO 1/2
1083,SERRA TICO-TICO ELETRICA BOSCH GST 650
1084,FURADEIRA ELETRICA DE IMPACTO (CONSERTO)
1085,PISTOLA DE SIKA MANUAL LONGO
1086,MASSARICO PORTATIL DUGOLD
1087,PISTOLA DE SOLDA ELETRICA PAT 4353
1088,APARELHO TESTE DE BATERIA MANUAL 2
1089,ESCOVA DE AÇO QUADRADA
1090,ESCOVA DE AÇO REDONDA 1
1091,SACADOR POLIA SCANIA 113
1092,SACADOR TERMINAL VOLVO
1093,MANOMETRO MWM 1
1094,MANOMETRO MWM 2
1095,MANOMETRO MWM 3
1096,MANOMETRO MWM 4
1097,CONEXAO PARA MEDIR PRESSAO
1098,CONEXAO PARA MEDIDOR 1
1099,CONEXAO PARA MEDIDOR 2
1100,CONEXAO PARA MEDIDOR 3
1101,CONEXAO PARA MEDIDOR 4
1102,CONEXAO PARA MEDIDOR 5
1103,CONEXAO PARA MEDIDOR 6
1104,CONEXAO PARA MEDIDOR 7
1105,CONEXAO PARA MEDIDOR 8
1106,CONEXAO PARA MEDIDOR 9
1107,PISTOLA MANUAL DE SILICONE SIMPLES
1108,MASCARA SOLDA ELETRICA-NÂO USAR
1109,GABARITO PARA ASSENTO DE CAMISA B12
1110,CALÇO PARA CABEÇOTE B12R
1111,CHAVE CREMALHEIRA VOLVO 996956
1112,ESCOVA DE AÇO REDONDA 2
1113,BASE MAGNETICA 1
1114,BASE MAGNETICA 2
1115,BASE MAGNETICA 3
1116,CHAVE IMPACTO 1/2 18V 400NM
1117,MANOMETRO DE PRESSÃO 1
1118,MANOMETRO DE PRESSAO VOLVO
1119,MANOMETRO DE PRESSAO SCANIA/MERCEDES-BENZ
1120,KIT MEDIDOR DE PRESSAO PNEUMATICA
1121,FACA PNEUMATICA PUMA TP 6014- CONSERTO
1122,DENSITOMETRO TESTE DE BATERIA
1123,LIXADEIRA TREME-TREME ELETRICA 2
1124,LIXADEIRA TREME-TREME ELETRICA 3
1125,CHAVA CX CAMBIO SCANIA 98765
1126,SACADOR TERMINAL VOLVO 1
1127,SACADOR TERMINAL VOLVO 2
1128,CHAVE MULTIPLICADORA DE TORQUES 170KG 1
1129,CHAVE MULTIPLICADORA DE TORQUES 170KG 2
1130,KIT TESTE PRESSÃO DIESEL
1131,KIT ANALISE E LIMPEZA INJETOR 1
1132,KIT ANALISE E LIMPEZA INJETOR 2
1133,KIT COMPARADOR ANALOGICO QUADRANTE
1134,MEDIDOR OPACIDADE DE FUMAÇA
1135,FERRO SOLDA MACHADINHO 1
1136,FERRO SOLDA MACHADINHO 2
1137,FERRO SOLDA MACHADINHO 3
1138,CINTO SEGURANÇA PARAQUEDAS
1139,PISTOLA TORNADOR 1
1140,PISTOLA TORNADOR 2
1141,CARREGADOR DE NOTBOOK I
1142,CARREGADOR DE NOTBOOK II
1143,SACADOR DE BICO 9998140
1144,SACADOR DE BICO 9996419
1145,CHAVE COMBINADA CATRACA 22MM
1146,GRAXIEIRA MANUAL 2
1147,MANDRIL SACADOR DE UNIDADE INJETOR 9998254
1148,BASE PARA MACHO 9998252
1149,EXTRATOR CAMISA BICO 9809740 2
1150,APLICADOR CAMISA BICO 88800108
1151,EXTRATOR CAMISA BICO 9809740 2
1152,KIT DESMONTAGEM RETARDER
1153,TESTE DE SISTEMA EGS
1154,CILINDRO HIDRAULICO 9992671
1155,SERRA ESQUADRIA MANUAL
1156,"PARAFUSADEIRA 14,4 BATERIA LI BOSH - PERDIDA"
1157,PARAFUSADEIRA BOSCH 18V 20 Ah (PARA SOCORRO)
1158,"PARAFUSADEIRA 14,4 BATERIA LI BOSH"
1159,"SOQUETE SEXTAVADO 75 1"""
1160,"SOQUETE SEXTAVADO 80 1""- 1"
1161,"SOQUETE SEXTAVADO 80 1""- 2"
1162,"SOQUETE SEXTAVADO 80 1""- 3"
1163,"SOQUETE SEXTAVADO 70 1"""
1164,"SOQUETE ESTRIADO 65 1""- 1"
1165,"SOQUETE ESTRIADO 65 1""- 2"
1166,"SOQUETE ESTRIADO 80 1"""
1167,"SOQUETE SEXTAVADO 1"" 3/4 1"""
1168,"SOQUETE ESTRIADO 70 1"""
1169,"SOQUETE ESTRIADO 60 1""- 1"
1170,"SOQUETE ESTRIADO 60 1""- 2"
1171,SOQUETE SACADOR SCANIA 1
1172,SOQUETE SACADOR SCANIA 2
1173,SOQUETE SACADOR SCANIA 3
1174,"SOQUETE SEXTAVADO 65 1"""
1175,"SOQUETE ESTRIADO 55 1""- 1"
1176,"SOQUETE ESTRIADO 55 1""- 2"
1177,JG VAZADOR 1
1178,JG VAZADOR 2
1179,JG VAZADOR 3
1180,SOQUETE SACAR CANO BICO INJETOR SCANIA 360 K124- 1
1181,SOQUETE SACAR CANO BICO INJETOR SCANIA 360 K124- 2
1182,SOQUETE SACAR CANO BICO INJETOR SCANIA 360 K124- 3
1183,SACADOR BICO INJETOR VOLVO 9996582- 1
1184,SACADOR BICO INJETOR VOLVO 9996582- 2
1185,EXTRATOR BICO INJETOR VOLVO 99985532
1186,GARRA PORCA PORTA INJETOR RAVEN 07001- 1
1187,GARRA PORCA PORTA INJETOR RAVEN 07001- 2
1188,GARRA PORCA PORTA INJETOR RAVEN 07001- 3
1189,EXTRATOR PARA PORTA INJETOR RAVEN 01017- 1
1190,EXTRATOR PARA PORTA INJETOR RAVEN 01017- 2
1191,SACADOR UNIDADE INJETORA VOLVO 9990006
1192,FRESA SCANIA
1193,MACHO SACADOR 9998134
1194,VIRADO DE MACHO Nº2
1195,VIRADO DE MACHO Nº3
1196,VIRADO DE MACHO Nº3
1197,VIRADO DE MACHO Nº5
1198,VIRADO DE TARRAXA MACHO Nº4
1199,VIRADO DE TARRAXA MACHO1 1/2 VERMELHO
1200,FERRO SOLDA GAS 3 EM 1
1201,ALICATE COLOCADOR DE ANEIS DE PISTÃO
1202,CINTA P/ APLICAR ANEIS CAMISA N717 160MM- 1
1203,CINTA P/ APLICAR ANEIS CAMISA N717 160MM- 2
1204,CINTA P/ APLICAR ANEIS CAMISA 80MM- NAO USAR
1205,ARO APOIO SCANIA 99141
1206,CHAVE SACAR PORCA CUBO TRAS RAVEN 800
1207,CHAVE GARRA PORCA RANHURADA RAVEN 350- 1
1208,CHAVE GARRA PORCA RANHURADA RAVEN 350- 2
1209,CHAVE GARRA PORCA RANHURADA RAVEN 350- 3
1210,CHAVE PORCA CUBO TRAS SCANIA- 724560
1211,CHAVE CUBO TRAS RODA VOLVO 734800- 1
1212,CHAVE CUBO TRAS RODA VOLVO 734800- 2
1213,CHAVE PORCA CUBO TRACAO SCANIA- RAVEM 980
1214,CHAVE SACA FLANGE DIFERENCIAL 9996304- 1
1215,CHAVE SACA FLANGE DIFERENCIAL 9996304- 2
1216,CHAVE SACA FLANGE DIFERENCIAL 9996304- 3
1217,ESMERILHADEIRA ANGULAR
1218,EXTRATOR DE BRACO 12614-02
1219,COLOCADOR DE RETENTOR 9998238
1220,COLOCADOR DE RETENTOR 9996437
1221,COLOCADOR DE RETENTOR 9999113- 1
1222,COLOCADOR DE RETENTOR 9999113- 2
1223,FERRAMENTA MONTAGEM SC 99410
1224,GRAMPO SARGENTO CATRACA APERTO RAPIDO 12 POLEGADAS
1225,GRAMPO SARGENTO CATRACA APERTO RAPIDO 12 POLEGADAS
1226,GRAMPO SARGENTO CATRACA APERTO RAPIDO 12 POLEGADAS
1227,SACADOR 9996261
1228,SACADOR CAMISA SCANIA
1229,LUVA (FERRAMENTA B9R) 9990117
1230,COLOCADOR RETENTOR NYLON- 1
1231,COLOCADOR RETENTOR NYLON- 2
1232,BATEDOR RETENTOR NYLON VOLVO 9990166
1233,BATEDOR RETENTOR NYLON VOLVO
1234,EXTRATOR DE ROLAMENTO- 1
1235,EXTRATOR DE ROLAMENTO- 2
1236,COLOCADOR RETENTOR COPO 1
1237,COLOCADOR RETENTOR COPO 2
1238,COLOCADOR RETENTOR COPO 3
1239,SACADOR POLIA ROLAMENTO 87591
1240,MANDRIL SACADOR SCANIA 99303
1241,APLICADOR RETENTOR FRENTE VIRABREQUIM SCANIA
1242,SACADOR PNEUMATICO CX CAMBIO SCANIA
1243,BATEDOR RETENTOR SC 99377
1244,SACADOR DE CAMISA SC 99007
1245,SACADOR PINO EMBUCHAMENTO SC 99298
1246,SERRA PNEUMATICA PUMA AT. 6011- 1
1247,SERRA PNEUMATICA PUMA AT. 6011- 2
1248,SACADOR UN INJETORA COM GANCHO
1249,ESQUADRO PEQUENO 1
1250,SERRA COPO 121MM
1251,SERRA COPO 105MM
1252,SERRA COPO 92MM
1253,SERRA COPO 70MM
1254,SERRA COPO 76MM
1255,SERRA COPO 60MM
1256,SERRA COPO 64MM
1257,SERRA COPO 51MM
1258,SERRA COPO 44MM
1259,SERRA COPO 51MM
1260,SERRA COPO 38MM
1261,SERRA COPO 40MM
1262,SERRA COPO 32MM
1263,SERRA COPO 25MM
1264,GRAMPO SARGENTO CATRACA APERTO RAPIDO 12 POLEGADAS
1265,SERRA COPO 16MM
1266,ESQUADRO PEQUENO 2
1267,"CHAVE GRINFO 24""- UN III"
1268,REBITADEIRA MANUAL GRANDE
1269,SARGENTO CASEIRO (colocar pistão)
1270,ESTICADOR DE CHAPA LATERAL GRANDE
1271,ESTICADOR DE CHAPA LATERAL PEQUENO
1272,CHAVE INGLESA
1273,CHAVE INGLESA
1274,MANOMETRO VOLVO 3
1275,MANOMETRO VOLVO 4
1276,RELOGIO COMPARADOR MYTUTOYO Nº 2046F
1277,RELOGIO COMPARADOR MYTUTOYO Nº 2044S
1278,RELOGIO COMPARADOR 03576 MEDIDOR DE AGULHA
1279,COLOCADOR DE ROSCA POSTICA
1280,ADAPTADOR 3/4 X 1
1281,ADAPTADOR 3/4 X 1
1282,ADAPTADOR 1 POL X 3/4
1283,SACADOR HASTE LIMPADOR
1284,KIT FLANGEADOR CANO COBRE
1285,PISTOLA MEDIDORA TEMPERATURA RAYTEK
1286,TESTE DE SISTEMA EGS
1287,DETECTOR DE VAZAMENTO CPS LS80B
1288,ALICATE AMPERIMETRO AD- 8800 ICEL
1289,TERMOMETRO PORTATIL PARA MEDIR PONTOS DISTINTOS
1290,TERMOMETRO PORTATIL ICEL TD850D
1291,PAQUIMETRO MITUTOYO 0.01 A 150MM
1292,PAQUIMETRO DIGITAL DE PROFUNDIDADE SERIE 3761
1293,TERMOMETRO DIGITAL MIMIPA
1294,AJUSTADOR DE UN INJETORA SC 124 99365
1295,GARFO DA UN B12R 21801388
1296,AJUSTADOR UN INJETORA MANUAL SC 124
1297,FERRAMENTA AJUSTE UN D13 SCANIA 99442
1298,CHAVE TERMINAL Nº1 588198
1299,EXTRATOR DE TERMINAIS ELETRICOS 88890056
1300,EXTRATOR DE TERMINAIS ELETRICOS 88890029
1301,CHAVE TORK E-28 ENC 3/4- NAO USAR
1302,MICROMETRO EXT C/ CATRACA (0- 150MM) MITUTOYO- 1
1303,PEGADOR MAGNETICO TIPO ANTENA
1304,JG DE CHAVE TORK TIPO FENDA SATA
1305,SUGADOR DE SOLDA
1306,ESTETOSCOPIO PARA OUVIR RUDOS DO MOTOR
1307,MULTIMETRO FLUKE 179 PAT. Nº 9730
1308,PENTE DE ROSCA (MEDIDOR DE ROSCA)
1309,EXTRATOR VOLVO 9992683
1310,MICROMETRO EXT C/ CATRACA (0- 150MM) MITUTOYO- 2
1311,EXTENSAO .3/4- Nº1
1312,EXTENSAO .3/4- Nº2
1313,EXTENSAO .3/4- Nº3
1314,EXTENSAO .3/4- Nº4
1315,EXTENSAO .3/4- Nº5
1316,EXTENSAO .3/4- Nº6
1317,EXTENSAO .3/4- Nº7
1318,EXTENSAO .3/4- Nº8
1319,"EXTENSÃO CURTA ""1- Nº 01"
1320,"EXTENSÃO CURTA ""1- Nº 02"
1321,"EXTENSÃO CURTA ""1- Nº 03"
1322,CABO DE FORÇA 3/4
1323,"CABO DE FORÇA ""1- Nº 1"
1324,CATRACA 3/4
1325,"CABO DE FORÇA ""1- Nº 3"
1326,"CABO DE FORÇA ""1- Nº 4"
1327,CATRACA .3/4- Nº 1
1328,CATRACA .3/4- Nº 2
1329,MANIVELA .1/2
1330,ALICATE DE ABRIR ANEL GRANDE CATRACA- 1
1331,ALICATE DE ABRIR ANEL GRANDE CATRACA- 2
1332,ALICATE DE ABRIR ANEL GRANDE S/ CATRACA- 1
1333,ALICATE DE ABRIR ANEL GRANDE S/ CATRACA- 2
1334,TRANSFERIDOR 360 GRAUS P/ TANQUE ANGULAR 3/4
1335,TRANSFERIDOR 360 GRAUS P/ TANQUE ANGULAR1/2
1335,TRASFERIDOR DE GRAU
1336,ALICATE PRESSAO COM CORRENTE 44045- Nº1
1337,ALICATE PRESSAO COM CORRENTE 44045- Nº2
1338,GABARITO SENSOR HALL SC 99150
1339,CATRACA .3/4- Nº 3
1340,SACADOR CUBO VOLVO/SCANIA
1341,CINTA P/ SOLTAR FILTRO DIESEL VOLVO 9996670- Nº1
1342,CINTA P/ SOLTAR FILTRO DIESEL VOLVO 9996670- Nº2
1343,CINTA P/ SOLTAR FILTRO DIESEL VOLVO 9996670- Nº3
1344,CINTA P/ SOLTAR FILTRO DIESEL VOLVO 9996670- Nº4
1345,N USARCINTA P/ SOLTAR FILTRO D'AGUA VOLVO B12- Nº1
1346,CINTA P/ SOLTAR FILTRO D'AGUA VOLVO B12- Nº2
1347,CINTA P/ SOLTAR FILTRO D'AGUA VOLVO B12- Nº3
1348,SACA FILTRO COMB. ABERTURA 127-133MM RAVEN
1349,SACA FILTRO COMB. ABER. 127-133MM 101026
1350,SACA FILTRO COMB. ABERTURA 89-92MM RAVEM- 1
1351,SACA FILTRO COMB. ABERTURA 89-92MM RAVEM- 2
1353,CABO DE FORÇA MÉDIO
1354,REGUA DE SUSPENSAO VOLVO B12R 9990185
1355,FERRAMENTA PARA BAIXAR VALVULA
1356,KIT MONTAGEM CAIXA CAMBIO
1357,SACA FILTRO OLEO ABERTURA 105MM 101026
1358,BATEDOR RETENTOR NYLON VOLVO 9990166
1359,MANOMETRO
1360,MANOMETRO
1361,SACA FILTRO COMB. ABERTURA 89-92MM RAVEM- 2
1362,MEDIDOR DE DESGATE TAMBOR GRANDE 1
1363,MEDIDOR DE DESGATE TAMBOR MEDIO
1364,MEDIDOR DE DESGATE TAMBOR GRANDE 2
1365,CACHIMBO DA PORCA DO DIFERENCIAL 4-KM6
1366,CHAVE CONECTOR DE BLOQUEIO 4-KM6
1367,CHAVE CONECTOR DE BLOQUEIO 4-KM6
1368,SACADOR TERMINAL PEQUENO
1369,SACADOR DIVERSOS I
1370,SACADOR DIVERSOS II
1371,SACADOR DIVERSOS III
1372,SACADOR DIVERSOS IIII
1373,CHAVE ABRIR ROLAMENTO TAMBOR
1374,CHAVE CONECTOR DE BLOQUEIO GRANDE
1375,EXTRATOR ROLAMENTO
1376,EBULIDOR DE AGUA (RABO QUENTE)
1378,TORQUIMETRO GEDORE L260 N 4556 I
1379,TORQUIMETRO GEDORE PAT N 8338 82-360NM II
1380,TORQUIMETRO GEDORE 75-400MM III-
1381,TORQUIMETRO GEDORE 75-400MM IIII
1382,TORQUIMETRO GEDORE 75-400MM
1383,TORQUIMETRO GEDORE PAT N 9690
1384,TORQUIMETRO
1384,TORQUIMETRO GEDORE PAT 10-100NM
1385,MEDIDOR DE ETILENO EM CTB
1386,MEDIDOR DE ETILENO
1387,MEDIDOR DE ETILENO
1388,SOQUETE ESTRIADO 19MM-3/4
1389,SOQUETE ESTRIADO 19MM-3/4
1390,SOQUETE ESTRIADO 19MM-3/4
1391,PISTOLA PULVERIZADORA CANO LONGO
1392,PISTOLA PULVERIZADORA CANO LONGO
1393,SOQUETE ESTRIADO 22MM-3/4
1394,SOQUETE SEXTAVADO 21 MM-3/4
1395,SOQUETE ESTRIADO 22MM-3/4
1396,SOQUETE ESTRIADO 24MM-3/4
1397,SOQUETE ESTRIADO 24MM-3/4
1398,SOQUETE ESTRIADO 17MM-3/4
1399,SOQUETE SEXTAVADO 17MM-3/4
1400,SOQUETE ESTRIADO 15/16-3/4
1401,FERRAMENTA MANDRILHAR BLOCO SCANIA
1402,SOQUETE ESTRIADO 27MM-3/4
1403,SOQUETE SEXTAVADO 27MM-3/4
1405,SOQUETE ESTRIADO 30MM-3/4
1406,SOQUETE ESTRIADO 30MM-3/4
1407,SOQUETE ESTRIADO 30MM-3/4
1408,SOQUETE ESTRIADO 32MM-3/4
1409,SOQUETE ESTRIADO 32MM-3/4
1410,SOQUETE ESTRIADO 32MM-3/4
1411,SOQUETE SEXTAVADO 36MM-3/4
1412,SOQUETE ESTRIADO 38MM-3/4
1413,SOQUETE ESTRIADO 38MM-3/4
1414,SOQUETE ESTRIADO 32MM-3/4- NAO USAR
1415,SOQUETE ESTRIADO 32MM-3/4- NAO USAR
1416,SOQUETE ESTRIADO 32MM-3/4- NAO USAR
1417,SOQUETE ESTRIADO 41MM-3/4
1418,SOQUETE ESTRIADO 41MM-3/4
1419,SOQUETE ESTRIADO 41MM-3/4
1420,SOQUETE ESTRIADO 46MM-3/4
1422,SOQUETE ESTRIADO 50MM-3/4
1423,SOQUETE ESTRIADO 50MM-3/4
1424,SOQUETE ESTRIADO 52MM-3/4
1425,SOQUETE ESTRIADO 54MM-3/4
1426,SOQUETE ESTRIADO 11/2MM-3/4
1427,GABARITO TAMPA ENGRENAGEM B11
1428,CHAVE OITAVA 122MM
1429,SACADOR TERMINAL DIREÇÃO VOLVO
1430,SACADOR TERMINAL- NAO USAR
1431,SACADOR TERMINAL
1432,SACADOR TERMINAL
1433,TORQUIMETRO DRIVER A 404 2-10NM
1434,LUMINARIA PORTATIL RECARREGAVEL SOLVER I
1435,LUMINARIA PORTATIL RECARREGAVEL SOLVER II
1436,N USAR -LUMINARIA PORTATIL RECARREGAVEL SOLVER III
1437,LUMINARIA PORTATIL RECARREGAVEL SOLVER IV
1438,LUMINARIA
1439,LUMINARIA
1440,CHAVE PARAFUSO PINÇA
1441,EXTENÇAO CHAVE PINÇA
1442,DOBRADEIRA DE CANO
1443,NIKE HIDRAULICA
1444,ESMERILHADEIRA ELÉTRICA /ENVIADO PARA G3
1445,MASCARA SOLDA C/ REG A20
1446,SOQUETE 1/2 CRIADO- NAO USAR
1447,PISTOLA PULVERIZADOR 11L 1
1448,PISTOLA PULVERIZADOR 11L 2
1449,PISTOLA PULVERIZADOR 11L 3
1450,PISTOLA PULVERIZADOR 11L 4
1451,SACADOR PINO EMBUCHAMENTO SCANIA 99298
1452,BATEDOR RETENTOR SCANIA 99377
1453,DENSIMETRO PARA SISTEMAS REFRATOMETRO 778 I
1454,DENSIMETRO PARA SISTEMAS PRESTOVAC II
1455,DENSIMETRO PARA SISTEMAS PRESTOVAC III
1456,DENSIMETRO PARA SISTEMAS REFRATOMETRO 778 IIII
1457,MASCARA SOLDA C/ REG A20
1458,FURADEIRA ELETRICA IMPACTO
1459,PISTOLA DE SIKA MANUAL LONGO
1460,CONEXAO PARA MEDIDOR 1
1461,CONEXAO PARA MEDIDOR 2
1462,CONEXAO PARA MEDIDOR 3
1463,CONEXAO PARA MEDIDOR 4
1464,SACADOR DO FLANGER
1465,ESMERILHADEIRA ELETRICA DEWALT
1466,"PARAFUSADEIRA 14,4 BATERIA LI BOSH F4- AGD NOVA"
1467,"PARAFUSADEIRA 14,4 BATERIA LI BOSH F5"
1468,JOGO SOQUETE LONGO C/15 PÇ DE 1/2
1469,FRESA VOLVO
1470,BOMBA DE VACUO
1471,BOMBA DE VACUO
1472,BOMBA DE VACUO
1473,TESTE DO OLEO- NAO USAR
1475,CAVALETE UNIDADE INJETORA- NAO USAR
1476,"PARAFUSADEIRA 14,4 BATERIA LI BOSH F6- AGD NOVA"
1477,"PARAFUSADEIRA 14,4 BATERIA LI BOSH F7- AGD NOVA"
1478,SACADOR TIRANTE REAÇAO VOLVO 9990814
1479,ASPIRADOR DE PO PEQUENO VONDER
1480,PONTEIRA TORKS RETIRAR PINO PINÇA
1481,KIT REPARAÇAO PINÇA DE FREIO- NAO USAR
1482,SUPORTE CAIXA SCANIA QUADRADO
1483,ALICATE REBITADOR DE ROSCA- NAO USAR
1484,ANALISE DE FLUIDOS CAT
1485,PORCA DO FRANGER
1486,COLOCADOR RETENTOR POLIA SCANIA DIANTEIRO
1487,CAIXA DO B12
1488,CHAVE MONTAGEM E DESMONTAGEM SOLENO
1489,SACADOR POLIA VALEO
1490,"PARAFUSADEIRA 14,4 BATERIA LI BOSH F8"
1491,ESMERILHADEIRA ELETRICA DEWALT
1492,ALICATE 8- NAO USAR
1493,TORQUIMETRO GEDORE 10-100
1494,CUBO REDONDO- NAO USAR
1495,APLICADOR RETENTOR VOLANTE B11R
1496,PARAFUSADEIRA BOSCH 18V 20 Ah
1497,MULTIMETRO FLUKE 179 PATN 9370
1498,CAIXA KIT ANEIS ORING (3)
1499,CHAVE DE IMPACTO PNEUMATICA 3/4
1500,SERRA SABRE A BATERIA MAKITA
1501,TORQUIMETRO GEDORE 10-100NM
1502,TORQUIMETRO GEDORE 10-100NM
1503,ALICATE COLOCADOR DE ANEIS
1504,ALICATE COLOCADOR DE ANEIS
1505,EXTENÇAO CURTA 3/4
1506,EXTENÇAO CURTA 3/4
1507,EXTENÇAO CURTA 3/4
1508,LIXADEIRA ELETRICA
1509,SERRA CIRCULAR
1510,KIT FLANGEADOR CANO COBRE
1511,LIXADEIRA TREME-TREME ELETRICA II
1512,FURADEIRA ELETRICA GRANDE IMPACTO II
1513,GABARITO COMANDO VALVULA II
1514,BASE MAGNETICA II
1515,MANOMETRO II
1516,DOBRADEIRA DE CANO II- NAO USAR
1517,CHAVE CATRACA 3/4 II
1518,CHAVE GRINFO 14 II
1519,SACA FILTRO OLEO ABERTURA 105 MM
1520,CINTA P/ SOLTAR FILTRO LUBRIFICANTE VOLVO
1521,CINTA P/ SOLTAR FILTRO D'AGUA VOLVO B12-N3
1522,SOQUETE 19MM- NAO USAR
1523,SOQUETE 30MM 3/4
1524,.
1525,SOQ ESTRIADO 27MM 3/4
1526,SOQUETE SEXTAVADO 17MM-3/4
1527,CHAVE COMBINADA 18
1528,CHAVE COMBINADA 17
1529,CHAVE COMBINADA 16
1530,CHAVE COMBINADA 15
1531,CHAVE COMBINADA 14
1532,CHAVE COMBINADA 13
1533,CHAVE COMBINADA 12
1534,CHAVE COMBINADA 11
1535,CHAVE CONBINADA 10
1536,CHAVE COMBINADA 09
1537,CHAVE COMBINADA 08
1538,SOQUETE 19- NAO USAR
1539,SOQUETE SEXTAVADO IMPACTO REFORÇADO 19MM-3/4 LONGO
1540,CHAVE ALEM 3/4
1541,CHAVE ALEM 3/4 - PERDIDA
1542,CHAVE ALEM 3/4- NAO USAR
1543,CHAVE ALEM 5/8
1544,CHAVE ALEM 5/8- NAO USAR
1545,CHAVE ALEM 9/16
1546,CHAVE ALEM 9/16
1547,CHAVE ALEM 1/2
1548,CHAVE ALEM 1/2
1549,CHAVE ALEM 1/2
1550,CHAVE ALEM 7/16
1551,CHAVE ALEM 7/16
1552,CHAVE ALEM 3/8
1553,CHAVE ALEM 3/8
1554,CHAVE ALEM 3/8
1555,CHAVE ALEM 19MM
1556,CHAVE ALEM 19MM
1557,CHAVE ALEM 19MM- NAO USAR
1558,CHAVE ALEM 17MM
1559,CHAVE ALEM 17MM- NAO USAR
1560,CHAVE ALEM 19mm (ARTICULADA) SCANIA 3133485
1561,CHAVE ALEM 14MM
1562,CHAVE ALEM 14MM- NAO USAR
1563,CHAVE ALEM 14MM- NAO USAR
1564,CHAVE ALEM 12MM
1565,CHAVE ALEM 11MM
1566,CHAVE ALEM 11MM
1567,CHAVE ALEM 11MM- NAO USAR
1568,CHAVE ALEM 10MM
1569,CHAVE ALEM 09MM- NAO USAR
1570,BATEDOR RETENTOR VOLVO I
1571,BATEDOR RETENTOR VOLVO I
1572,TESTE DE BATERIA DIGITAL
1573,FURADOR DE PNEU
1574,RETIRA ESPAGUETE PNEU
1575,JG CHAVE TORKS CATRACA WURTH- UNI 2
1576,MOTOLIA PARA OLEO 1
1577,TRENA 3 METROS- NAO USAR
1578,PISTOLA DE SILICONE MANUAL GRANDE
1579,PISTOLA DE SILICONE MANUAL MEDIA
1580,MEDIDOR DE DESGATE TAMBOR PEQUENO- NAO USAR
1581,MARRECA DE AGUA 1
1582,MARRECA DE AGUA 2
1583,MARRECA DE AGUA 3
1584,MARRECA DE OLEO 1
1585,MARRECA DE OLEO 2
1586,MARRECA DE OLEO 3
1587,MOTOLIA PARA OLEO 2
1588,MOTOLIA PARA OLEO 3
1589,MOTOLIA PARA OLEO 4
1590,SOQUETE SEXTAVADO IMPACTO REFORÇADO 19MM-3/4 2
1591,CHAVE COMBINADA 10- NAO USAR
1592,SOQUETE 27MM 3/4- REFORÇADO
1593,CHAVE PARA MONTAR E DESMONTAR SOLENÓIDE
1594,MASCARA SOLDA C/ REG A20
1595,MARTELETE PNEUMATICO P/ LONA DE FREIO
1596,SARGENTO PEQUENO
1597,SARGENTO PEQUENO
1598,SARGENTO MEDIO
1599,ESMERILHADEIRA DEWALT 900W
1600,"SARGENTO PEQUENO 8"""
1601,"SARGENTO PEQUENO 8"""
1602,PA DE LIXO
1603,VIRA-MACHO TIPO T COM CATRACA LONGA
1604,KIT COLOCAÇÃO DE PELICULA
1605,MANOMETRO VOLVO 3- PERMANENTEMENTE EM JOINVILLE
1606,KIT MANOMETRO ALTA/BAIXA
1607,PISTOLA DE IMPACTO PNEUMÁTICO 1/2
1608,CHAVE DE IMPACTO 3/4
1609,CHAVE COMBINADA 19
1610,CANETA GRAVADOR INDUSTRIAL
1611,"PARAFUSADEIRA 14,4 BATERIA BOSCH "
1612,"PARAFUSADEIRA 14,4 BATERIA BOSH (INDISPONIVEL)"
1613,RECOLHEDOR
1613,RECOLHEDORA DE GAS
1614,MACACO PNEUMATICO 35TON- 1
1615,MACACO PNEUMATICO 35TON- 2
1616,MACACO PNEUMATICO 35TON- 3
1617,MACACO PNEUMATICO 35TON- 4
1618,MASCARA SOLDA C/ REG A20
1619,MQN SOLDA INV MINI-120- USO EXCL LAT
1620,SERRA COPO 19MM
1621,SERRA COPO 73MM- NAO USAR
1622,SERRA COPO 102MM
1623,SERRA COPO 79MM
1624,JG DE SERRA COPO AÇO CARBONO
1625,SUPORTE SERRA COPO GRANDE
1626,SOQUETE SEXTAVADO 1 1/8-3/4
1627,SOQUETE SEXTAVADO 21MM-3/4- NAO USAR
1628,SOQUETE ESTRIADO 36MM-3/4
1629,CINTA VERDE
1630,BOMBA SANGRIA DE OLEO
1631,SERRA COPO 54MM
1632,COMPUTADOR PRETO SCANIA
1633,COMPUTADOR SCÃNIA
1633,COMPUTADOR SCANIA/VOLVO - ONLINE EM FOZ
1634,CABO VOCOM
1635,CABO VCI3
1635,VCI
1636,ANILHA DE IÇAMENTO
1637,MANDRIL- KIT REPARO CX MARCHA SCANIA
1638,BUCHA MONTAGEM- KIT REPARO CX MARCHA SCANIA
1639,MEDIDOR- KIT REPARO CX MARCHA SCANIA
1640,AJUSTADOR- KIT REPARO CX MARCHA SCANIA
1641,SQT AJUSTADOR- KIT REPARO CX MARCHA SCANIA
1642,MANDRIL APOIO- KIT REPARO CX MARCHA SCANIA
1643,EXTRATOR 3 BRAÇOS- KIT REPARO CX MARCHA SCANIA
1644,FIXADOR- KIT REPARO CX MARCHA SCANIA
1645,BATEDOR/RETENTOR VOLVO
1646,FERRAMENTAS COLOCADOR RODA FONICA TRAS. VOLVO
1647,ALICATE ABRIR /EMBREAGEM
1648,PROGRAMADOR DE TACOGRAFO- ATIVADOR DE KITAS
1649,PORCA REDONDA PARA ESMERILHADEIRA 1
1650,PORCA REDONDA PARA ESMERILHADEIRA 2
1651,PORCA REDONDA PARA ESMERILHADEIRA 3
1652,FLANGE DE MONTAGEM DA ESMERILHADEIRA
1652,FLANGE DE MONTAGEM PARA ESMERILHADEIRA 1
1653,FLANGE DE MONTAGEM PARA ESMERILHADEIRA 2
1654,FLANGE DE MONTAGEM PARA ESMERILHADEIRA 3
1655,SUPORTE DIFERENCIAL TODAS- NÃO USAR
1656,SUPORTE SERRA COPO PEQUENA
1657,SOQUETE SEXTAVADO 34MM 3/4
1658,COLOCADOR DO RETENTOR DO VIRABREQUIM
1659,CHAVE MULTIPLICADORA DE TORQUES 170KG 2
1660,EXTRATOR DE TERMINAL DIRECAO VOLVO/SCANIA 723001
1661,ARCO SERRA MANUAL 2
1662,ARCO SERRA MANUAL 3
1663,ARCO SERRA MANUAL 4
1664,ARCO SERRA MANUAL 1664- NAO USAR
1665,SOPRADOR TERMICO VONDER I
1666,SOPRADOR TERMICO VONDER II
1667,FERRO SOLDA ESTANHO CANETA 3
1668,FERRO SOLDA ESTANHO CANETA
1669,SERRA TICO-TICO ELETRICA 2
1670,JG SOQUETE 10 A 32MM SEXTAVADO 1/2 2
1671,JG SOQUETE 10 A 32MM SEXTAVADO 1/2 3
1672,CHAVE OITAVADA TESTE
1673,POLITRIZ DEWALT
1674,SUPORTE CAIXA T
1675,VENTOSA 6- NAO USAR
1676,VENTOSA 7- NAO USAR
1677,VENTOSA 8
1678,VENTOSA 9
1679,FERRAMENTA GRIMPAGEM PARA RETENTOR ARV MAN 99374
1680,BARRA LARANJA ARREDONDADA
1681,FUNIL RETO
1682,FUNIL CURVADO
1683,KIT DE ANEIS ORING
1684,ESPINHA DE PEIXE AZUL
1685,SACADOR DE VALVULA CINEMATICO RODOAR
1686,LIMPA POLO BATERIA- CJ COM DUAS UNIDADES
1687,COMANDO CAIXA VOLVO
1688,ADAPTADOR 1X 3/4- NAO USAR
1689,JOGO EXTRATOR DE PARAFUSOS 5 PEÇAS
1690,MARRETA DE BORRACHA
1691,SOQUETE 26MM 1/2 SEXTAVADO
1692,MANOMETRO ENERPAC VASELINA RETO GRANDE- NAO USAR
1693,COLOCADOR DE BUCHA DO AMORTECEDOR I
1694,COLOCADOR DE BUCHA DO AMORTECEDOR II
1695,SUPORTE SERRA COPO GRANDE
1696,SUPORTE CAIXA VOLVO
1697,SOQUETE SEXTAVADO 24MM-3/4 IMPACTO
1698,SACA FILTRO OLEO ABERTURA 105MM 101026
1699,CHAVE COMBINADA CATRACA 24
1700,FLANGE DE MONTAGEM PARA ESMERILHADEIRA 4
1701,PORCA REDONDA PARA ESMERILHADEIRA 4
1702,FACA PNEUMATICA
1703,SARGENTO 66CM- 1
1704,CHAVE ALEM 12MM- NAO USAR
1705,SOQUETE REMOVER MANGA ACO VOLVO
1706,SACADOR DA POLIA
1707,CAPACETE BRANCO COM JUGULAR- KIT SEGURANÇA Nº1
1708,CAPACETE BRANCO COM JUGULAR- KIT SEGURANÇA Nº2
1709,CAPACETE BRANCO COM JUGULAR- KIT SEGURANÇA Nº3
1710,CAPACETE BRANCO COM JUGULAR- KIT SEG Nº4- N USAR
1711,CAPACETE BRANCO COM JUGULAR- KIT SEGURANÇA Nº5
1712,CAPACETE B. COM JUGULAR- KIT SEGURANÇA Nº6- EDSON
1713,TALABARTE DUPLO DE SEGURANÇA- KIT DE SEGURANÇA Nº1
1714,TALABARTE DUPLO DE SEGURANÇA- KIT DE SEGURANÇA Nº2
1715,TALABARTE DUPLO DE SEGURANÇA- KIT DE SEGURANÇA Nº3
1716,TALABARTE DUPLO DE SEGURANÇA- KIT DE SEG Nº4- N US
1717,TALABARTE DUPLO DE SEGURANÇA- KIT DE SEGURANÇA Nº5
1718,TALABARTE DUPLO DE SEG.- KIT DE SEG. Nº6- EDSON
1719,TALABARTE FITA DE SEGURANÇA- KIT DE SEGURANÇA Nº1
1720,TALABARTE FITA DE SEGURANÇA- KIT DE SEGURANÇA Nº2
1721,TALABARTE FITA DE SEGURANÇA- KIT DE SEGURANÇA Nº3
1722,TALABARTE FITA DE SEGURANÇA- KIT DE SEG Nº4- N USA
1723,TALABARTE FITA DE SEGURANÇA- KIT DE SEGURANÇA Nº5
1724,TALABARTE FITA DE SEG.- KIT DE SEG. Nº6-EDSON
1725,CINTURAO DE SEGURANÇA- KIT DE SEGURANÇA Nº1
1726,CINTURAO DE SEGURANÇA- KIT DE SEGURANÇA Nº2
1727,CINTURAO DE SEGURANÇA- KIT DE SEGURANÇA Nº3
1728,CINTURAO DE SEGURANÇA- KIT DE SEG Nº4- N USAR
1729,CINTURAO DE SEGURANÇA- KIT DE SEGURANÇA Nº5
1730,CINTURAO DE SEG.- KIT DE SEG. Nº6- EDSON
1731,EXTRATOR 2 PONTAS VOLVO
1732,SACADOR VOLVO
1733,ESQUADRO MÉDIO
1734,SOQUETE SEXTAVADO IMPACTO 24MM 3/4 LONGO
1735,COMPRESSOR DE ANEIS PISTÃO SCANIA
1736,KIT REPARO DIFERENCIAL SCANIA
1737,SUPORTE SERRA COPO GRANDE
1738,SUPORTE SERRA COPO GRANDE- NAO USAR
1739,NAO USAR- PE DE CABRA
1740,COMANDO CAIXA REMOVIVEL VOLVO 9808584
1741,KIT MARCAÇÃO DE CHASSI EM VIDRO
1742,EXTRATOR INTERNO ROLAMENTO RAVEN 711017
1743,CONJUNTO TESTE INTERCOOLER 109653
1744,CABO VCI 2
1745,TESOURA PINEUMATICA
1746,PISTOLA DE SIKA MANUAL LONGO
1747,CABO COMUNICAÇÃO VOCOM VOLVO 88890306
1748,CABO VCI3 Nº3
1749,VARETA PARA MEDIR EIXO
1750,COMPUTADOR PRETO VOLVO 2 (não usar)
1751,ARCO SERRA MANUAL NV
1752,SOQUETE ESTRIADO 24MM-3/4
1753,SUPORTE DA CAIXA DO CAMBIO
1754,EXTRATOR 3 PONTAS 40-200MM SCANIA
1755,MANDRIL APOIO SACADOR ROLAMENTO SCANIA
1756,MANDRIL SACADOR ROLAMENTO SCANIA
1757,MANOMETRO VERTICAL GLICERINA DN63 0-16 BAR-Nº1
1758,MANOMETRO VERTICAL GLICERINA DN63 0-16 BAR-2
1759,REDUTOR3/4X1/2
1760,SOQUETE ESTRIADO 41MM -3/4
1761,SOQUETE ESTRIADO 30MM-3/4
1762,SOQUETE ESTRIADO 27MM-3/4
1763,SOQUETE ESTRIADO 27MM-3/4
1764,SOQUETE ESTRIADO 22MM-34
1765,BATEDOR/RETENTOR VOLVO
1766,MANDRIL SACADOR SCANIA 99303
1767,CHAVE OITAVADA TESTE
1768,ARO APOIO SCANIA 99141
1769,BALANCA ELETRONICA
1770,SUPORTE SERRA COPO PEQUENA
1771,SUPORTE SERRA COPO PEQUENA
1772,SERRA PNEUMATICA PUMA
1773,VIRADO DE TARRACHA GG
1774,MOTOLIA PARA OLEO AMARELA PEQUENA ( METAL )
1775,INDICADOR VISCOSIDADE DE OLEO
1776,REGULADOR DE FAROL
1777,CALIBRADOR ADAS
1778,"JG DE MACHO MJ1"" NF"
1779,KIT ALARGADOR SPIN P/ CANO COBRE
1780,UNIDADE COMUNICACAO DIAGNOSTICO VOCON
1781,CABO COMUNICACAO DIAGNOSTICO VOCON USB (não usar)
1782,CABO COMUNICACAO DIAGNOSTICO VOCON
1783,SACADOR REMOVEDOR MANGA AÇO VOLVO 88800387
1784,GRAMPO SARGENTO TIPO C- UN 1
1785,GRAMPO SARGENTO TIPO C- UN 2
1786,GRAMPO SARGENTO TIPO C- UN 3
1787,GRAMPO SARGENTO TIPO C- UN 4
1788,GRAMPO SARGENTO CATRACA APERTO RAP 6 POL- 1
1789,GRAMPO SARGENTO CATRACA APERTO RAP 6 POL- 2
1790,GRAMPO SARGENTO CATRACA APERTO RAP 6 POL- 3
1791,GRAMPO SARGENTO CATRACA APERTO RAP 6 POL- 4
1792,GRAMPO SARGENTO CATRACA APERTO RAP 6 POL- 5
1793,GRAMPO SARGENTO CATRACA APERTO RAP 6 POL- 6
1794,FRESA MERCEDES-BENZ
1795,EXTRATOR DE TERMINAIS
1796,FRESA MERCEDES-BENZ
1797,SENSOR TEMPERATURA MULTIMETRO
1798,TRANSFERIDOR DE ANGULOS
1799,TORQUIMETRO AXIAL QUICKSET SISTEMA ESCAPE ESCALA S
1800,POLITRIZ DEWALT- 3
1801,ESMERILHADEIRA DEWALT 900W
1802,FLANGE DE MONTAGEM PARA ESMERILHADEIRA - 5
1803,PORCA REDONDA PARA ESMERILHADEIRA - 5
1804,CINTA CINZA
1805,NAO USAR- FACA PNEUMATICA 3
1806,NAO USAR- MANDRIL EMBUCHAMENTO (FRESA) MERCEDEZ
1807,PLACA FIXADOR DIFERENCIAL SCANIA
1808,"BATERIA PARA PARAFUSADEIRA BOSCH 14,4V 1,5 Ah"
1809,"BATERIA PARA PARAFUSADEIRA BOSCH 14,4V 1,5 Ah"
1810,"BATERIA PARA PARAFUSADEIRA BOSCH 14,4V 1,5 Ah"
1811,"BATERIA PARA PARAFUSADEIRA BOSCH 14,4V 1,5 Ah"
1812,"BATERIA PARA PARAFUSADEIRA BOSCH 14,4V 1,5 Ah"
1813,PISTOLA DE SIKA MANUAL LONGO EM CTB
1814,NIVEL LASER COMBINADO LINHA VERDE
1815,GRAMPO SARGENTO CATRACA APERTO RAP 6 POL- 1
1816,GRAMPO SARGENTO CATRACA APERTO RAP 6 POL- 1 (QUEBRADA)
1817,GRAMPO SARGENTO CATRACA APERTO RAP 6 POL- 1
1818,TORQUIMETRO ESTALO 10 - 50 NM ENCAIXE 3/8 I
1819,ESMERILHADEIRA ELETRICA DEWALT
1820,ESMERILHADEIRA ELETRICA DEWALT
1821,FLANGE DE MONTAGEM PARA ESMERILHADEIRA
1822,PORCA REDONDA PARA ESMERILHADEIRA
1823,POLITRIZ DEWALT
1824,POLITRIZ DEWALT
1825,LUMINARIA PORTATIL RECARREGAVEL SOLVER IIl
1826,LUMINÁRIA PORTÁTIL RECARREGAVEL SOLVER
1827,ALICATE DE PRESSAO COM CORRENTE
1828,ALICATE DE PRESSAO COM CORRENTE
1830,COLOCADOR DE PISTÃO
1838,SOQUETE 3/8-18MM P/ TORQUIMETRO PARABRISA
1832,GANCHO PARA COLOCAR PARA BRISA
1834,CINTA LARANJADA
1835,CINTA LARANJADA
1845,VCI
1845,VCI
1846,MANGUEIRA RETORNO
1850,CACHIMBO CURTO 19MM 3/4
1852,GANCHO PARA COLOCAR PARA BRISA
1854,MANDRIL PRESSÃO SCANIA
1855,MANGUEIRA DE AR
1856,MANGUEIRA DE AR
1860,MEDIDOR LONA DE FREIO
1865,SUPORTE DA NCAIXA SCANIA
1875,INTER FACE VOLVO
1879,CAXIMBO 19 REFORÇADO
1880,PISTOLA PNEUMATICA DE SIKA
1885,MANGUEIRA D'AGUA
1896,JOGO DE SOQUETES 33 PEÇAS GEDORE
1900,CONEXAO DO MANOMETRO
1950,PISTOLA DE SIKA PNEUMÁTICA
1970,PISTOLA DE SIKA
1972,ALICATE MANCAL EMBREAGEM SCANIA
1973,PC SCANIA E VOLVO
1973,PC SCÃNIA/VOLVO
1974,ALICATE MANCAL EMBREAGEM SCANIA
1984,ENGATE DRENO ARREFECIMENTO VOLVO 9996049
1986,COLOCADOR DE BUCHA DE HASTE DE REACAO SCÂNIA
1990,PEGADOR TELESCOPICO COM IMA
1991,EXTENSAO 3/4 COMPRIMENTO 4 POL (100 MM) 01
2000,COLOCADOR DE CAMISA SCANIA I
2001,COLOCADOR DE CAMISA SCANIA II
2005,MALETA MANIFOLD VMG-2R410A-B COM 3 MANGUEIRAS
2020,ESMIRILHADEIRA ANGULAR /ENVIADO PARA G3
2021,SOQUETE 27 MM LONGO
2022,PC VOLVO PRETO EM JOENVILLE
2023,DESPOSITIVO DE GIRAR MOTOR VOLVO
2024,FERRAMENTA DE GIRAR MOTOR SCANIA
2025,SOQUETE 33 3/4
2026,BASE REGULAGEM DE CABEÇOTE
2030,PISTOLA DE IMPACTO PNEUMÁTICO 3/4
2040,ALICATE DE GRIPAR TERMINAIS SCANIA
2041,EXTRATOR DE TERMINAIS
2042,FRESA SCANIA
2043,EIXO PRIMARIO SCANIA
2044,TALABARTE DUPLO DE SEGURANÇA
2045,FERRAMENTA LEVANTAR CAMISA
2050,TORQUIMETRO DE APERTAR RODA 200/100 3/4
2051,CACHIMBO GEDORE 33
2052,ADAPTADOR 3/4 X1
2053,TROCADOR DE BUCHA
2055,TORQUIMETRO ESTALO 10 - 50 NM ENCAIXE 3/8 II
2056,SOQUETE SEXTAVADO 36 MM
2060,SANGRADOR DE EMBREAGEM
2070,MB DIAG III MERCEDES-BENZ
2071,SUPER MB PRO M6+ (MB DIAGNOSIS VCI)
2072,COMPUTADOR MERCEDES-BENZ (XENTRY DIAGNOSIS)
2073,KIT CABOS FERRAMENTA DE DIAGNOSTICO MB PRO M6+ (4 ITENS)
2080,RETIFICA ELETRICA RETA 220 V BOSCH
2081,SOQUETE 24 MM SEXTAVADO
2082,SOQUETE 19 MM REFORÇADO
2084,ESMERILHADEIRA ELETRICA DEWALT 900W
2085,ESMERILHADEIRA ELETRICA DEWALT 900W
2090,CACHIMBO 30 MM REFORCADO
2091,SOQUETE SATA 32 MM
2096,ADAPTADOR 3/4 para 1/2
2097,SOQUETE ALLEN 12 MM
2098,TORQUIMETRO GEDORE PAT 10-100NM
2099,SOQUETE ALLEN 12 MM II
3000,PEGADOR TELESCOPICO COM IMA
2424,ARCO DE SERRA MANUAL
2086,TORQUIMETRO
1998,MULTI CORTADORA 300 W BOSCH STALOCK 30-28
1995,MANDRIL VOLVO
1997,TORQUIMETRO ESTALO PEQUENO ENCAIXE 1/2 20 - 100 NM
1992,SOQUETE 13 MM DO TOQUIMETRO 2055
1996,SOQUETE 15 MM DO TOQUIMETRO 2055
2063,SOQUETE 41 MM EXTRIADO
1352,CHAVE COMBINADA GEDORE 27 M
1999,SOQUETE SEXTAVADO 15 M
2049,TORQUIMETRO RODAS (BORRACHARIA)
1124,LIXADEIRA ELÉTRICA TREME-TREME 3
2089,TORQUIMETRO 80-400
2062,SOQUETE ESTRIADO 27 MM
2032,SOQUETE ESTRIADO 15/16 REFERENCIA 23.80 MM
2201,MULTIPLICADORA DE FORÇA
1245,SACADOR PINO EMBUCHAMENTO
1452,BATEDOR DE RETENTOR
1843,CHAVE ALEM 14 MM (GEDORE)
1242,SACADOR PNEUMATICO CX CAMBIO SCANIA
2015,SACADOR DE ANEIS /KUKKO PATENTEADOR
1895,AJUSTADOR DA UNIDADE INJETORA MANUAL
2035,ESMERILHADEIRA ANGULAR SEM FIO BOSCH
2054,CATRACA DE CINTO
2061,CATRACA DE CINTO
2058,CATRACA DE CINTO
2012,FRESA SCANIA
2038,MANDRIL ROLAMENTO VOLVO
2074,CARREGADOR PC MBB
1833,BOMBA VACUO DUPLO ESTAGIO (REFRIGERAÇÃO MARCOS)
1841,VOLTIMETRO AMPERIMETRO PD USB TIPO C/ USB A
1842,VOLTIMETRO AMPERIMETRO PD USB TIPO C/ USB A
1474,EXTENÇÃO 3/4 Nº08
1982,ENGATE DRENO ARREFECIMENTO SCANIA 99301
1994,MEDIDOR UNIVERSAL TENSOR CORREA 
1993,MEDIDOR UNIVERSAL TENSOR CORREA 
